"name","year","n_cit","n_selfcit","n_pub","n_ref","art.length","rsci"
"changing societies & personalities","2018",3,3,12,34.4,0,0
"changing societies & personalities","2019",10,9,18,41.4,24974,0
"changing societies & personalities","2020",11,10,23,47.3,26439,0
"changing societies & personalities","2008",0,0,0,0,0,0
"changing societies & personalities","2009",0,0,0,0,0,0
"changing societies & personalities","2010",0,0,0,0,0,0
"changing societies & personalities","2011",0,0,0,0,0,0
"changing societies & personalities","2012",0,0,0,0,0,0
"changing societies & personalities","2013",0,0,0,0,0,0
"changing societies & personalities","2021",14,14,29,49.2,28790,3.493
"changing societies & personalities","2022",27,24,44,49.2,29518,3.929
"changing societies & personalities","2014",0,0,0,0,0,0
"changing societies & personalities","2017",1,1,16,24.6,0,0
"changing societies & personalities","2016",0,0,0,0,0,0
"changing societies & personalities","2015",0,0,0,0,0,0
"laboratorium: журнал социальных исследований","2018",84,84,18,29.1,16699,0
"laboratorium: журнал социальных исследований","2019",91,91,17,50.8,15850,4.23
"laboratorium: журнал социальных исследований","2020",125,121,26,41,16984,3.919
"laboratorium: журнал социальных исследований","2008",0,0,0,0,0,0
"laboratorium: журнал социальных исследований","2009",0,0,35,10.3,0,0
"laboratorium: журнал социальных исследований","2010",5,4,87,18,0,0
"laboratorium: журнал социальных исследований","2011",9,9,31,31.6,12984,1.771
"laboratorium: журнал социальных исследований","2012",22,22,56,20.1,12295,0
"laboratorium: журнал социальных исследований","2013",41,41,34,26.5,13281,0
"laboratorium: журнал социальных исследований","2021",137,128,22,50.6,16163,4.406
"laboratorium: журнал социальных исследований","2022",154,151,15,37.7,17244,4.471
"laboratorium: журнал социальных исследований","2014",63,63,36,23,14018,2.751
"laboratorium: журнал социальных исследований","2017",95,95,18,52.5,17329,0
"laboratorium: журнал социальных исследований","2016",62,62,18,43.6,16734,0
"laboratorium: журнал социальных исследований","2015",57,57,34,24.9,16082,0
"logos et praxis","2018",211,202,48,13.4,20491,0
"logos et praxis","2019",209,204,60,17.4,21922,3.426
"logos et praxis","2020",203,200,43,17.3,23376,3.527
"logos et praxis","2008",1,1,104,6.8,12786,0
"logos et praxis","2009",4,2,80,8.6,14016,0
"logos et praxis","2010",16,16,59,3.4,15020,0
"logos et praxis","2011",47,32,82,9.9,17449,1.507
"logos et praxis","2012",75,55,78,11.7,18373,0
"logos et praxis","2013",97,75,49,11.6,19318,0
"logos et praxis","2021",212,206,60,21.1,23314,3.54
"logos et praxis","2022",246,241,42,21.4,25454,3.888
"logos et praxis","2014",139,121,67,13.5,19935,2.304
"logos et praxis","2017",206,199,63,12.9,19789,0
"logos et praxis","2016",184,174,66,14.3,19869,0
"logos et praxis","2015",188,162,74,12.7,20209,0
"primo aspectu","2018",107,90,70,9,14372,0
"primo aspectu","2019",85,64,59,11.1,13338,2.017
"primo aspectu","2020",80,61,52,11.6,14233,0
"primo aspectu","2008",1,1,36,4.1,12351,0
"primo aspectu","2009",0,0,32,5.8,12561,0
"primo aspectu","2010",3,3,77,7.4,13168,0
"primo aspectu","2011",13,11,38,9.6,13651,1.316
"primo aspectu","2012",23,19,83,6.5,13195,0
"primo aspectu","2013",95,44,135,7.7,13973,0
"primo aspectu","2021",74,60,52,11.6,14428,2.151
"primo aspectu","2022",65,48,59,9.5,12159,2.177
"primo aspectu","2014",131,56,209,7.3,12743,1.625
"primo aspectu","2017",117,107,51,8.2,12631,0
"primo aspectu","2016",142,131,40,13.5,12005,0
"primo aspectu","2015",176,92,198,8.6,12286,0
"siberian socium","2018",9,7,29,18.9,0,0
"siberian socium","2019",19,17,26,20.6,22081,0
"siberian socium","2020",26,26,24,25.6,22680,3.038
"siberian socium","2008",0,0,0,0,0,0
"siberian socium","2009",0,0,0,0,0,0
"siberian socium","2010",0,0,0,0,0,0
"siberian socium","2011",0,0,0,0,0,0
"siberian socium","2012",0,0,0,0,0,0
"siberian socium","2013",0,0,0,0,0,0
"siberian socium","2021",59,58,24,25.9,25040,3.279
"siberian socium","2022",78,78,22,34,22805,3.401
"siberian socium","2014",0,0,0,0,0,0
"siberian socium","2017",1,1,16,22.2,0,0
"siberian socium","2016",0,0,0,0,0,0
"siberian socium","2015",0,0,0,0,0,0
"social evolution and history","2018",66,58,23,31.1,26455,0
"social evolution and history","2019",123,98,27,63.3,31323,3.852
"social evolution and history","2020",151,125,16,46.3,19587,5.053
"social evolution and history","2008",19,9,23,19.4,16708,0
"social evolution and history","2009",39,6,15,82.9,14175,0
"social evolution and history","2010",31,13,15,48.4,23016,0
"social evolution and history","2011",102,45,16,74,15460,0
"social evolution and history","2012",65,38,31,20,10260,0
"social evolution and history","2013",56,46,15,42.5,11967,0
"social evolution and history","2021",130,85,17,58.9,27210,4.611
"social evolution and history","2022",108,106,14,37.1,23147,2.218
"social evolution and history","2014",68,51,15,46.7,9218,0
"social evolution and history","2017",73,62,14,42.1,23216,0
"social evolution and history","2016",103,80,14,50.1,21101,0
"social evolution and history","2015",89,68,16,56.4,13158,0
"society and security insights","2018",7,5,57,15,0,0
"society and security insights","2019",28,28,49,14.7,0,0
"society and security insights","2020",55,44,48,15.4,23017,3.103
"society and security insights","2008",0,0,0,0,0,0
"society and security insights","2009",0,0,0,0,0,0
"society and security insights","2010",0,0,0,0,0,0
"society and security insights","2011",0,0,0,0,0,0
"society and security insights","2012",0,0,0,0,0,0
"society and security insights","2013",0,0,0,0,0,0
"society and security insights","2021",84,73,40,17.7,22741,3.052
"society and security insights","2022",100,89,45,18.5,26551,3.062
"society and security insights","2014",0,0,0,0,0,0
"society and security insights","2017",0,0,0,0,0,0
"society and security insights","2016",0,0,0,0,0,0
"society and security insights","2015",0,0,0,0,0,0
"векторы благополучия: экономика и социум","2018",166,166,62,23.9,24854,0
"векторы благополучия: экономика и социум","2019",196,180,42,25,27016,0
"векторы благополучия: экономика и социум","2020",198,183,42,25.6,22527,0
"векторы благополучия: экономика и социум","2008",0,0,0,0,0,0
"векторы благополучия: экономика и социум","2009",0,0,0,0,0,0
"векторы благополучия: экономика и социум","2010",0,0,0,0,0,0
"векторы благополучия: экономика и социум","2011",0,0,119,8.2,0,0
"векторы благополучия: экономика и социум","2012",19,11,210,8.2,0,0
"векторы благополучия: экономика и социум","2013",73,63,142,8,4955,0
"векторы благополучия: экономика и социум","2021",238,229,50,23.3,23926,2.814
"векторы благополучия: экономика и социум","2022",250,240,49,26.7,24428,3.166
"векторы благополучия: экономика и социум","2014",103,99,141,8.7,0,0
"векторы благополучия: экономика и социум","2017",165,159,48,21.1,24306,0
"векторы благополучия: экономика и социум","2016",127,122,31,19.9,19017,0
"векторы благополучия: экономика и социум","2015",100,89,141,16.7,18268,0
"вестник института социологии","2018",188,185,39,13.9,29473,0
"вестник института социологии","2019",267,259,40,18,29079,6.192
"вестник института социологии","2020",307,290,40,25.2,29408,6.517
"вестник института социологии","2008",0,0,0,0,0,0
"вестник института социологии","2009",0,0,0,0,0,0
"вестник института социологии","2010",1,1,24,10.5,0,0
"вестник института социологии","2011",13,13,28,14.4,0,0
"вестник института социологии","2012",39,38,31,17,25620,0
"вестник института социологии","2013",43,42,28,16.9,29137,0
"вестник института социологии","2021",374,355,39,44.9,28639,6.079
"вестник института социологии","2022",330,314,49,34.4,30853,5.998
"вестник института социологии","2014",81,74,33,12.2,28902,5.462
"вестник института социологии","2017",168,162,27,21,27869,0
"вестник института социологии","2016",132,127,34,15.9,27736,0
"вестник института социологии","2015",113,112,34,13.4,28746,0
"вестник московского государственного лингвистического университета. общественные науки","2018",32,18,83,12.2,18924,0
"вестник московского государственного лингвистического университета. общественные науки","2019",30,26,70,14,22095,0
"вестник московского государственного лингвистического университета. общественные науки","2020",78,71,76,13.4,22063,2.356
"вестник московского государственного лингвистического университета. общественные науки","2008",0,0,0,0,0,0
"вестник московского государственного лингвистического университета. общественные науки","2009",0,0,0,0,0,0
"вестник московского государственного лингвистического университета. общественные науки","2010",0,0,0,0,0,0
"вестник московского государственного лингвистического университета. общественные науки","2011",0,0,0,0,0,0
"вестник московского государственного лингвистического университета. общественные науки","2012",0,0,0,0,0,0
"вестник московского государственного лингвистического университета. общественные науки","2013",0,0,0,0,0,0
"вестник московского государственного лингвистического университета. общественные науки","2021",109,104,82,11.6,21647,2.377
"вестник московского государственного лингвистического университета. общественные науки","2022",152,148,76,12.1,19399,2.405
"вестник московского государственного лингвистического университета. общественные науки","2014",0,0,0,0,0,0
"вестник московского государственного лингвистического университета. общественные науки","2017",8,5,80,13,0,0
"вестник московского государственного лингвистического университета. общественные науки","2016",3,1,69,11.6,0,0
"вестник московского государственного лингвистического университета. общественные науки","2015",0,0,0,0,0,0
"вестник московского университета. серия 18. социология и политология","2018",281,244,50,24.2,27687,0
"вестник московского университета. серия 18. социология и политология","2019",242,194,46,17.2,27681,3.847
"вестник московского университета. серия 18. социология и политология","2020",319,284,50,18.5,27330,3.896
"вестник московского университета. серия 18. социология и политология","2008",38,35,72,8.3,0,0
"вестник московского университета. серия 18. социология и политология","2009",33,28,94,6.6,0,0
"вестник московского университета. серия 18. социология и политология","2010",29,26,58,14.3,0,0
"вестник московского университета. серия 18. социология и политология","2011",62,59,50,13.7,0,0
"вестник московского университета. серия 18. социология и политология","2012",63,58,59,17.4,0,0
"вестник московского университета. серия 18. социология и политология","2013",83,78,56,14.4,28319,0
"вестник московского университета. серия 18. социология и политология","2021",352,325,51,19.8,28860,4.322
"вестник московского университета. серия 18. социология и политология","2022",375,339,51,19.8,26863,4.289
"вестник московского университета. серия 18. социология и политология","2014",100,96,59,15.6,26740,3.144
"вестник московского университета. серия 18. социология и политология","2017",212,177,45,28.1,27150,0
"вестник московского университета. серия 18. социология и политология","2016",156,131,52,25.2,26450,0
"вестник московского университета. серия 18. социология и политология","2015",106,92,72,12.8,25676,0
"вестник пермского национального исследовательского политехнического университета. социально-экономические науки","2018",190,123,104,17.7,18139,0
"вестник пермского национального исследовательского политехнического университета. социально-экономические науки","2019",211,162,87,21.6,18363,2.747
"вестник пермского национального исследовательского политехнического университета. социально-экономические науки","2020",297,247,88,21.7,18098,2.589
"вестник пермского национального исследовательского политехнического университета. социально-экономические науки","2008",0,0,0,0,0,0
"вестник пермского национального исследовательского политехнического университета. социально-экономические науки","2009",0,0,46,2.7,0,0
"вестник пермского национального исследовательского политехнического университета. социально-экономические науки","2010",2,2,53,7.9,0,0
"вестник пермского национального исследовательского политехнического университета. социально-экономические науки","2011",6,5,44,7.1,20319,0
"вестник пермского национального исследовательского политехнического университета. социально-экономические науки","2012",22,18,59,10.2,21536,0
"вестник пермского национального исследовательского политехнического университета. социально-экономические науки","2013",33,25,49,9.4,20907,0
"вестник пермского национального исследовательского политехнического университета. социально-экономические науки","2021",374,340,88,23,19326,3.207
"вестник пермского национального исследовательского политехнического университета. социально-экономические науки","2022",379,348,86,23.3,20340,3.265
"вестник пермского национального исследовательского политехнического университета. социально-экономические науки","2014",35,27,61,10.5,21270,0
"вестник пермского национального исследовательского политехнического университета. социально-экономические науки","2017",143,98,98,15.6,18314,0
"вестник пермского национального исследовательского политехнического университета. социально-экономические науки","2016",111,55,96,12.5,18590,0
"вестник пермского национального исследовательского политехнического университета. социально-экономические науки","2015",47,33,40,8.7,19356,0
"вестник пермского университета. философия. психология. социология","2018",167,157,56,22.6,24993,0
"вестник пермского университета. философия. психология. социология","2019",173,167,52,22.6,26163,3.405
"вестник пермского университета. философия. психология. социология","2020",201,192,58,25.3,27476,3.19
"вестник пермского университета. философия. психология. социология","2008",0,0,0,0,0,0
"вестник пермского университета. философия. психология. социология","2009",0,0,0,0,0,0
"вестник пермского университета. философия. психология. социология","2010",0,0,61,14.3,0,0
"вестник пермского университета. философия. психология. социология","2011",4,2,62,15.7,0,0
"вестник пермского университета. философия. психология. социология","2012",22,13,73,13.3,24503,0
"вестник пермского университета. философия. психология. социология","2013",37,27,102,13.9,24888,0
"вестник пермского университета. философия. психология. социология","2021",218,206,61,23.2,27589,3.179
"вестник пермского университета. философия. психология. социология","2022",269,252,54,25.2,27793,3.192
"вестник пермского университета. философия. психология. социология","2014",90,74,72,15.4,24820,2.114
"вестник пермского университета. философия. психология. социология","2017",152,139,67,19.6,24557,0
"вестник пермского университета. философия. психология. социология","2016",113,102,73,16.4,24210,0
"вестник пермского университета. философия. психология. социология","2015",94,78,57,16.1,24796,0
"вестник рггу. серия: философия. социология. искусствоведение","2018",83,81,51,10.5,17477,0
"вестник рггу. серия: философия. социология. искусствоведение","2019",137,128,62,9.8,17850,2.966
"вестник рггу. серия: философия. социология. искусствоведение","2020",176,155,44,8.9,18443,2.789
"вестник рггу. серия: философия. социология. искусствоведение","2008",2,1,50,10.8,0,0
"вестник рггу. серия: философия. социология. искусствоведение","2009",0,0,82,13,22067,0
"вестник рггу. серия: философия. социология. искусствоведение","2010",7,4,86,8.9,21424,0
"вестник рггу. серия: философия. социология. искусствоведение","2011",10,8,49,13.6,20687,0
"вестник рггу. серия: философия. социология. искусствоведение","2012",25,21,86,13,19747,0
"вестник рггу. серия: философия. социология. искусствоведение","2013",54,48,42,10.1,19761,0
"вестник рггу. серия: философия. социология. искусствоведение","2021",199,183,65,8.4,17963,2.755
"вестник рггу. серия: философия. социология. искусствоведение","2022",230,211,71,8.7,17861,2.828
"вестник рггу. серия: философия. социология. искусствоведение","2014",52,43,78,10.1,18511,2.359
"вестник рггу. серия: философия. социология. искусствоведение","2017",68,67,67,12.8,17073,0
"вестник рггу. серия: философия. социология. искусствоведение","2016",60,54,60,11.3,16909,0
"вестник рггу. серия: философия. социология. искусствоведение","2015",50,42,64,10.5,17929,0
"вестник российского университета дружбы народов. серия: социология","2018",392,376,56,22.7,27413,0
"вестник российского университета дружбы народов. серия: социология","2019",377,357,62,27,25921,5.683
"вестник российского университета дружбы народов. серия: социология","2020",385,360,64,26.8,25852,5.809
"вестник российского университета дружбы народов. серия: социология","2008",10,9,54,9.4,0,0
"вестник российского университета дружбы народов. серия: социология","2009",16,14,50,12.6,0,0
"вестник российского университета дружбы народов. серия: социология","2010",37,33,51,11.8,0,0
"вестник российского университета дружбы народов. серия: социология","2011",55,51,53,13.7,0,0
"вестник российского университета дружбы народов. серия: социология","2012",60,47,45,14.4,0,0
"вестник российского университета дружбы народов. серия: социология","2013",63,52,55,14.9,24092,0
"вестник российского университета дружбы народов. серия: социология","2021",580,534,57,30.6,24953,6.122
"вестник российского университета дружбы народов. серия: социология","2022",620,590,63,27.1,26354,6.183
"вестник российского университета дружбы народов. серия: социология","2014",102,78,56,15.5,26227,4.312
"вестник российского университета дружбы народов. серия: социология","2017",191,172,43,20.4,26682,0
"вестник российского университета дружбы народов. серия: социология","2016",98,84,57,19.2,27220,0
"вестник российского университета дружбы народов. серия: социология","2015",97,79,47,18.4,26779,0
"вестник санкт-петербургского университета. социология","2018",339,335,33,26.5,26158,0
"вестник санкт-петербургского университета. социология","2019",371,365,24,28.4,27157,4.497
"вестник санкт-петербургского университета. социология","2020",434,431,29,29.8,27845,4.754
"вестник санкт-петербургского университета. социология","2008",6,5,199,13.9,0,0
"вестник санкт-петербургского университета. социология","2009",17,10,213,14.8,0,0
"вестник санкт-петербургского университета. социология","2010",46,25,198,13.6,22622,0
"вестник санкт-петербургского университета. социология","2011",85,49,196,12.8,21225,3.104
"вестник санкт-петербургского университета. социология","2012",136,107,134,12,20443,0
"вестник санкт-петербургского университета. социология","2013",175,150,84,15.4,19958,0
"вестник санкт-петербургского университета. социология","2021",481,478,21,30.5,29128,5.074
"вестник санкт-петербургского университета. социология","2022",511,504,26,33.9,32936,5.076
"вестник санкт-петербургского университета. социология","2014",180,143,97,17.2,20202,3.484
"вестник санкт-петербургского университета. социология","2017",271,269,31,26.2,24168,0
"вестник санкт-петербургского университета. социология","2016",297,296,42,19.6,22082,0
"вестник санкт-петербургского университета. социология","2015",274,249,67,18,20623,0
"вестник томского государственного университета. философия. социология. политология","2018",270,250,127,16.9,21369,0
"вестник томского государственного университета. философия. социология. политология","2019",343,298,125,17.8,21760,3.659
"вестник томского государственного университета. философия. социология. политология","2020",437,402,161,18.1,22344,4.229
"вестник томского государственного университета. философия. социология. политология","2008",2,1,61,10.1,0,0
"вестник томского государственного университета. философия. социология. политология","2009",4,4,51,8,19106,0
"вестник томского государственного университета. философия. социология. политология","2010",15,9,44,12.9,22094,0
"вестник томского государственного университета. философия. социология. политология","2011",27,20,59,13.8,23792,0
"вестник томского государственного университета. философия. социология. политология","2012",56,46,78,15.2,23679,0
"вестник томского государственного университета. философия. социология. политология","2013",97,87,58,15.4,21960,0
"вестник томского государственного университета. философия. социология. политология","2021",523,462,165,19.1,22671,4.419
"вестник томского государственного университета. философия. социология. политология","2022",568,516,151,17.3,22799,4.318
"вестник томского государственного университета. философия. социология. политология","2014",123,111,64,15.1,22250,3.072
"вестник томского государственного университета. философия. социология. политология","2017",194,179,110,16.2,21523,0
"вестник томского государственного университета. философия. социология. политология","2016",166,149,98,13.9,22166,0
"вестник томского государственного университета. философия. социология. политология","2015",174,154,95,12.5,21812,0
"вестник тюменского государственного университета. социально-экономические и правовые исследования","2018",83,78,63,21.6,20685,0
"вестник тюменского государственного университета. социально-экономические и правовые исследования","2019",102,98,50,21.5,22547,3.248
"вестник тюменского государственного университета. социально-экономические и правовые исследования","2020",118,109,60,27.1,25800,3.323
"вестник тюменского государственного университета. социально-экономические и правовые исследования","2008",0,0,0,0,0,0
"вестник тюменского государственного университета. социально-экономические и правовые исследования","2009",0,0,0,0,0,0
"вестник тюменского государственного университета. социально-экономические и правовые исследования","2010",0,0,0,0,0,0
"вестник тюменского государственного университета. социально-экономические и правовые исследования","2011",0,0,0,0,0,0
"вестник тюменского государственного университета. социально-экономические и правовые исследования","2012",0,0,0,0,0,0
"вестник тюменского государственного университета. социально-экономические и правовые исследования","2013",0,0,0,0,0,0
"вестник тюменского государственного университета. социально-экономические и правовые исследования","2021",126,118,51,23.7,27742,3.373
"вестник тюменского государственного университета. социально-экономические и правовые исследования","2022",98,95,50,23.8,26093,3.505
"вестник тюменского государственного университета. социально-экономические и правовые исследования","2014",0,0,0,0,0,0
"вестник тюменского государственного университета. социально-экономические и правовые исследования","2017",50,47,70,18,19346,0
"вестник тюменского государственного университета. социально-экономические и правовые исследования","2016",23,20,65,14.8,0,0
"вестник тюменского государственного университета. социально-экономические и правовые исследования","2015",7,6,88,12.5,0,0
"вестник удмуртского университета. социология. политология. международные отношения","2018",15,11,53,21.9,0,0
"вестник удмуртского университета. социология. политология. международные отношения","2019",14,12,48,25.1,25951,2.674
"вестник удмуртского университета. социология. политология. международные отношения","2020",33,30,48,22.3,25420,2.569
"вестник удмуртского университета. социология. политология. международные отношения","2008",0,0,0,0,0,0
"вестник удмуртского университета. социология. политология. международные отношения","2009",0,0,0,0,0,0
"вестник удмуртского университета. социология. политология. международные отношения","2010",0,0,0,0,0,0
"вестник удмуртского университета. социология. политология. международные отношения","2011",0,0,0,0,0,0
"вестник удмуртского университета. социология. политология. международные отношения","2012",0,0,0,0,0,0
"вестник удмуртского университета. социология. политология. международные отношения","2013",0,0,0,0,0,0
"вестник удмуртского университета. социология. политология. международные отношения","2021",73,69,48,22.1,25996,2.893
"вестник удмуртского университета. социология. политология. международные отношения","2022",110,103,48,21.3,25340,2.907
"вестник удмуртского университета. социология. политология. международные отношения","2014",0,0,0,0,0,0
"вестник удмуртского университета. социология. политология. международные отношения","2017",2,2,48,25.6,0,0
"вестник удмуртского университета. социология. политология. международные отношения","2016",0,0,0,0,0,0
"вестник удмуртского университета. социология. политология. международные отношения","2015",0,0,0,0,0,0
"вестник южно-российского государственного технического университета (нпи). серия: социально-экономические науки","2018",213,177,89,11,14481,0
"вестник южно-российского государственного технического университета (нпи). серия: социально-экономические науки","2019",178,150,89,10.3,14167,0
"вестник южно-российского государственного технического университета (нпи). серия: социально-экономические науки","2020",187,167,131,16.2,14828,0
"вестник южно-российского государственного технического университета (нпи). серия: социально-экономические науки","2008",5,0,60,8.2,0,0
"вестник южно-российского государственного технического университета (нпи). серия: социально-экономические науки","2009",8,0,43,9.7,0,0
"вестник южно-российского государственного технического университета (нпи). серия: социально-экономические науки","2010",22,11,76,9.8,16150,0
"вестник южно-российского государственного технического университета (нпи). серия: социально-экономические науки","2011",45,30,151,7.2,16210,0
"вестник южно-российского государственного технического университета (нпи). серия: социально-экономические науки","2012",69,48,219,7.7,16479,0
"вестник южно-российского государственного технического университета (нпи). серия: социально-экономические науки","2013",127,101,151,9,17048,0
"вестник южно-российского государственного технического университета (нпи). серия: социально-экономические науки","2021",197,188,146,13.1,15400,2.403
"вестник южно-российского государственного технического университета (нпи). серия: социально-экономические науки","2022",253,217,157,15.1,19471,2.528
"вестник южно-российского государственного технического университета (нпи). серия: социально-экономические науки","2014",153,124,123,8.2,17006,0
"вестник южно-российского государственного технического университета (нпи). серия: социально-экономические науки","2017",227,197,100,9.7,14783,0
"вестник южно-российского государственного технического университета (нпи). серия: социально-экономические науки","2016",205,170,112,9.8,15212,0
"вестник южно-российского государственного технического университета (нпи). серия: социально-экономические науки","2015",268,219,147,9.2,16475,0
"власть и элиты","2018",6,4,21,31.9,33265,0
"власть и элиты","2019",36,24,17,35.7,33563,4.406
"власть и элиты","2020",74,59,16,31.5,35015,6.765
"власть и элиты","2008",0,0,0,0,0,0
"власть и элиты","2009",0,0,0,0,0,0
"власть и элиты","2010",0,0,0,0,0,0
"власть и элиты","2011",0,0,0,0,0,0
"власть и элиты","2012",0,0,0,0,0,0
"власть и элиты","2013",0,0,0,0,0,0
"власть и элиты","2021",106,92,16,31.1,32333,7.503
"власть и элиты","2022",63,50,14,34.9,23343,5.117
"власть и элиты","2014",0,0,20,22.6,0,0
"власть и элиты","2017",0,0,0,0,0,0
"власть и элиты","2016",0,0,0,0,0,0
"власть и элиты","2015",4,4,13,34.3,0,0
"демографическое обозрение","2018",171,164,32,30.8,32558,0
"демографическое обозрение","2019",233,209,31,35,32307,6.09
"демографическое обозрение","2020",291,263,31,32.1,33004,7.121
"демографическое обозрение","2008",0,0,0,0,0,0
"демографическое обозрение","2009",0,0,0,0,0,0
"демографическое обозрение","2010",0,0,0,0,0,0
"демографическое обозрение","2011",0,0,0,0,0,0
"демографическое обозрение","2012",0,0,0,0,0,0
"демографическое обозрение","2013",0,0,0,0,0,0
"демографическое обозрение","2021",385,359,24,37.6,33994,7.867
"демографическое обозрение","2022",401,383,24,32.8,28294,6.796
"демографическое обозрение","2014",2,1,28,32.7,0,0
"демографическое обозрение","2017",106,103,35,50.6,32514,0
"демографическое обозрение","2016",52,47,38,36.2,31971,0
"демографическое обозрение","2015",18,14,23,45.2,0,0
"дискурс","2018",23,19,77,14,0,0
"дискурс","2019",50,46,70,15.3,25645,0
"дискурс","2020",64,60,66,18.5,26324,2.884
"дискурс","2008",0,0,0,0,0,0
"дискурс","2009",0,0,0,0,0,0
"дискурс","2010",0,0,0,0,0,0
"дискурс","2011",0,0,0,0,0,0
"дискурс","2012",0,0,0,0,0,0
"дискурс","2013",0,0,0,0,0,0
"дискурс","2021",72,64,67,18.2,26579,2.718
"дискурс","2022",113,96,74,21.4,26205,2.724
"дискурс","2014",0,0,0,0,0,0
"дискурс","2017",12,6,72,12.3,0,0
"дискурс","2016",2,0,79,12.4,0,0
"дискурс","2015",0,0,30,14.3,0,0
"женщина в российском обществе","2018",240,185,47,29,20171,0
"женщина в российском обществе","2019",287,237,44,27.8,20060,5.82
"женщина в российском обществе","2020",422,373,45,21.1,21781,6.45
"женщина в российском обществе","2008",12,9,28,12.8,0,0
"женщина в российском обществе","2009",14,12,38,12.4,0,0
"женщина в российском обществе","2010",15,11,37,16.6,0,0
"женщина в российском обществе","2011",42,37,49,16.7,0,0
"женщина в российском обществе","2012",73,52,36,21.6,21062,0
"женщина в российском обществе","2013",85,62,49,20.9,21622,0
"женщина в российском обществе","2021",470,394,56,21.4,24633,7.083
"женщина в российском обществе","2022",539,474,56,20.4,22955,6.987
"женщина в российском обществе","2014",103,75,40,20.6,22279,3.384
"женщина в российском обществе","2017",216,185,40,19.9,21389,0
"женщина в российском обществе","2016",152,111,34,21.8,22005,0
"женщина в российском обществе","2015",149,116,32,25.1,22225,0
"журнал исследований социальной политики","2018",338,325,45,33.4,20817,0
"журнал исследований социальной политики","2019",447,435,41,30.3,21788,6.574
"журнал исследований социальной политики","2020",431,416,47,34.6,22371,6.396
"журнал исследований социальной политики","2008",22,21,34,1.3,23316,0
"журнал исследований социальной политики","2009",66,65,43,10,22467,0
"журнал исследований социальной политики","2010",48,47,23,26.8,21698,0
"журнал исследований социальной политики","2011",74,59,23,28.6,18695,3.675
"журнал исследований социальной политики","2012",125,119,26,31.8,19858,0
"журнал исследований социальной политики","2013",121,119,33,21.8,22492,0
"журнал исследований социальной политики","2021",518,500,47,32.1,23062,6.275
"журнал исследований социальной политики","2022",524,505,46,31.2,24744,5.941
"журнал исследований социальной политики","2014",175,156,42,29,23476,5.466
"журнал исследований социальной политики","2017",323,305,44,22,21583,0
"журнал исследований социальной политики","2016",239,219,44,23.5,21354,0
"журнал исследований социальной политики","2015",212,196,47,26.2,23697,0
"журнал социологии и социальной антропологии","2018",557,531,46,33.3,33622,0
"журнал социологии и социальной антропологии","2019",682,649,56,36.1,32234,6.191
"журнал социологии и социальной антропологии","2020",693,681,41,43.1,31971,6.124
"журнал социологии и социальной антропологии","2008",134,122,48,21.6,0,0
"журнал социологии и социальной антропологии","2009",171,154,38,20.3,0,0
"журнал социологии и социальной антропологии","2010",230,216,36,22.8,27199,0
"журнал социологии и социальной антропологии","2011",303,295,79,17.6,26234,5.133
"журнал социологии и социальной антропологии","2012",365,349,100,25.4,27948,0
"журнал социологии и социальной антропологии","2013",430,413,60,29.8,28570,0
"журнал социологии и социальной антропологии","2021",771,760,32,42.4,32822,6.469
"журнал социологии и социальной антропологии","2022",0,0,0,0,0,0
"журнал социологии и социальной антропологии","2014",535,508,55,34.1,31280,5.978
"журнал социологии и социальной антропологии","2017",564,545,51,31.8,33386,0
"журнал социологии и социальной антропологии","2016",555,541,60,31,33160,0
"журнал социологии и социальной антропологии","2015",586,553,64,31.7,32489,0
"известия саратовского университета. новая серия. серия: социология. политология","2018",246,218,87,16,18567,0
"известия саратовского университета. новая серия. серия: социология. политология","2019",282,249,83,13.7,19420,2.59
"известия саратовского университета. новая серия. серия: социология. политология","2020",320,300,85,12.6,19044,2.584
"известия саратовского университета. новая серия. серия: социология. политология","2008",13,10,73,11.6,0,0
"известия саратовского университета. новая серия. серия: социология. политология","2009",11,7,131,9.7,12849,0
"известия саратовского университета. новая серия. серия: социология. политология","2010",17,17,116,9.4,13426,0
"известия саратовского университета. новая серия. серия: социология. политология","2011",37,36,103,10.9,14328,1.049
"известия саратовского университета. новая серия. серия: социология. политология","2012",54,50,110,9.5,14281,0
"известия саратовского университета. новая серия. серия: социология. политология","2013",69,60,102,10.4,15366,0
"известия саратовского университета. новая серия. серия: социология. политология","2021",334,315,73,16.7,17732,2.562
"известия саратовского университета. новая серия. серия: социология. политология","2022",383,354,72,15.5,20572,2.607
"известия саратовского университета. новая серия. серия: социология. политология","2014",90,75,101,11.4,16207,1.591
"известия саратовского университета. новая серия. серия: социология. политология","2017",224,200,87,12.4,18339,0
"известия саратовского университета. новая серия. серия: социология. политология","2016",197,178,103,12.7,17941,0
"известия саратовского университета. новая серия. серия: социология. политология","2015",139,99,98,13.1,17961,0
"известия тульского государственного университета. гуманитарные науки","2018",282,259,57,14.3,19460,0
"известия тульского государственного университета. гуманитарные науки","2019",348,324,66,13.8,19487,2.189
"известия тульского государственного университета. гуманитарные науки","2020",387,372,53,14.5,20453,2.253
"известия тульского государственного университета. гуманитарные науки","2008",0,0,71,8.2,0,0
"известия тульского государственного университета. гуманитарные науки","2009",1,0,81,9,0,0
"известия тульского государственного университета. гуманитарные науки","2010",4,3,119,8.8,2263,0
"известия тульского государственного университета. гуманитарные науки","2011",4,2,248,10.5,19866,0
"известия тульского государственного университета. гуманитарные науки","2012",16,1,271,8.7,15581,0
"известия тульского государственного университета. гуманитарные науки","2013",107,44,291,10.2,16885,0
"известия тульского государственного университета. гуманитарные науки","2021",372,363,60,16.4,20894,2.452
"известия тульского государственного университета. гуманитарные науки","2022",397,377,65,15.6,21177,2.518
"известия тульского государственного университета. гуманитарные науки","2014",325,141,194,9.6,16760,0
"известия тульского государственного университета. гуманитарные науки","2017",253,234,75,12.8,18653,0
"известия тульского государственного университета. гуманитарные науки","2016",241,206,78,10.2,18373,0
"известия тульского государственного университета. гуманитарные науки","2015",243,180,72,8.5,17946,0
"известия высших учебных заведений. поволжский регион. общественные науки","2018",322,308,80,12.2,16843,0
"известия высших учебных заведений. поволжский регион. общественные науки","2019",360,339,82,15,17031,2.643
"известия высших учебных заведений. поволжский регион. общественные науки","2020",427,400,57,13.6,18477,2.832
"известия высших учебных заведений. поволжский регион. общественные науки","2008",2,1,58,9.4,0,0
"известия высших учебных заведений. поволжский регион. общественные науки","2009",9,2,63,10.7,19644,0
"известия высших учебных заведений. поволжский регион. общественные науки","2010",14,8,73,9.1,18214,0
"известия высших учебных заведений. поволжский регион. общественные науки","2011",23,8,88,9.1,17634,0
"известия высших учебных заведений. поволжский регион. общественные науки","2012",41,25,92,8.7,18967,0
"известия высших учебных заведений. поволжский регион. общественные науки","2013",70,50,98,8.7,18573,0
"известия высших учебных заведений. поволжский регион. общественные науки","2021",339,320,60,14.4,18163,2.986
"известия высших учебных заведений. поволжский регион. общественные науки","2022",419,406,59,14.4,18937,2.949
"известия высших учебных заведений. поволжский регион. общественные науки","2014",182,147,89,10.2,18065,2.06
"известия высших учебных заведений. поволжский регион. общественные науки","2017",343,320,82,12,17048,0
"известия высших учебных заведений. поволжский регион. общественные науки","2016",251,235,87,12.2,18457,0
"известия высших учебных заведений. поволжский регион. общественные науки","2015",234,208,99,10.6,17034,0
"известия высших учебных заведений. социология. экономика. политика","2018",111,103,48,8.5,13052,0
"известия высших учебных заведений. социология. экономика. политика","2019",87,84,45,22.7,15774,2.36
"известия высших учебных заведений. социология. экономика. политика","2020",81,74,37,20.5,21030,2.79
"известия высших учебных заведений. социология. экономика. политика","2008",0,0,135,5.1,0,0
"известия высших учебных заведений. социология. экономика. политика","2009",0,0,142,5.2,0,0
"известия высших учебных заведений. социология. экономика. политика","2010",4,4,116,4.9,0,0
"известия высших учебных заведений. социология. экономика. политика","2011",21,17,98,5,0,0
"известия высших учебных заведений. социология. экономика. политика","2012",23,18,97,4.5,0,0
"известия высших учебных заведений. социология. экономика. политика","2013",54,44,111,6.1,12044,0
"известия высших учебных заведений. социология. экономика. политика","2021",99,95,33,20.3,25794,3.117
"известия высших учебных заведений. социология. экономика. политика","2022",121,113,32,20.9,26852,3.371
"известия высших учебных заведений. социология. экономика. политика","2014",188,129,147,6.7,11328,1.568
"известия высших учебных заведений. социология. экономика. политика","2017",125,113,77,8.9,12058,0
"известия высших учебных заведений. социология. экономика. политика","2016",191,147,100,8.3,11624,0
"известия высших учебных заведений. социология. экономика. политика","2015",465,405,140,8.6,11105,0
"интеракция. интервью. интерпретация","2018",46,44,23,12.8,23125,0
"интеракция. интервью. интерпретация","2019",71,69,28,20.8,24836,4.208
"интеракция. интервью. интерпретация","2020",80,73,24,20.8,25794,4.058
"интеракция. интервью. интерпретация","2008",0,0,0,0,0,0
"интеракция. интервью. интерпретация","2009",0,0,0,0,0,0
"интеракция. интервью. интерпретация","2010",0,0,0,0,0,0
"интеракция. интервью. интерпретация","2011",17,17,12,17.5,0,0
"интеракция. интервью. интерпретация","2012",0,0,0,0,0,0
"интеракция. интервью. интерпретация","2013",0,0,0,0,0,0
"интеракция. интервью. интерпретация","2021",103,97,23,31,29147,4.582
"интеракция. интервью. интерпретация","2022",115,109,25,26.9,26617,4.596
"интеракция. интервью. интерпретация","2014",31,26,20,17,0,0
"интеракция. интервью. интерпретация","2017",66,63,17,19.6,24421,0
"интеракция. интервью. интерпретация","2016",44,42,20,14.9,24998,0
"интеракция. интервью. интерпретация","2015",40,32,19,18.1,0,0
"коммуникология","2018",134,103,76,15.2,28460,0
"коммуникология","2019",139,116,48,16.7,20086,3.503
"коммуникология","2020",212,198,52,17.9,23355,3.293
"коммуникология","2008",0,0,0,0,0,0
"коммуникология","2009",0,0,0,0,0,0
"коммуникология","2010",0,0,0,0,0,0
"коммуникология","2011",0,0,0,0,0,0
"коммуникология","2012",0,0,0,0,0,0
"коммуникология","2013",5,1,42,14.4,0,0
"коммуникология","2021",267,243,52,17.5,23049,3.214
"коммуникология","2022",324,302,50,17.4,21580,3.395
"коммуникология","2014",48,39,104,11.6,0,0
"коммуникология","2017",112,90,91,15.4,30462,0
"коммуникология","2016",82,66,105,12.5,13695,0
"коммуникология","2015",90,63,70,11.8,22708,0
"конфликтология","2018",90,69,61,12.8,24003,0
"конфликтология","2019",77,65,70,20.1,23754,2.696
"конфликтология","2020",91,76,55,24.2,23350,2.791
"конфликтология","2008",1,1,28,10.5,0,0
"конфликтология","2009",2,1,60,12.3,0,0
"конфликтология","2010",8,4,48,16.2,0,0
"конфликтология","2011",12,11,60,17.9,0,0
"конфликтология","2012",24,9,55,27,0,0
"конфликтология","2013",42,25,58,14,0,0
"конфликтология","2021",67,57,53,24.9,23041,2.857
"конфликтология","2022",67,60,47,21.1,22215,3.115
"конфликтология","2014",54,41,57,16.5,17293,0
"конфликтология","2017",93,74,81,13.5,23546,0
"конфликтология","2016",96,79,85,13.6,18914,0
"конфликтология","2015",91,77,79,11.5,18080,0
"крестьяноведение","2018",16,8,34,12.4,23886,0
"крестьяноведение","2019",27,20,29,17,24620,3.637
"крестьяноведение","2020",53,48,31,24.9,24148,3.921
"крестьяноведение","2008",0,0,0,0,0,0
"крестьяноведение","2009",0,0,0,0,0,0
"крестьяноведение","2010",0,0,0,0,0,0
"крестьяноведение","2011",0,0,0,0,0,0
"крестьяноведение","2012",0,0,0,0,0,0
"крестьяноведение","2013",0,0,0,0,0,0
"крестьяноведение","2021",67,64,38,11.5,23699,3.846
"крестьяноведение","2022",90,74,25,33.8,22339,4.248
"крестьяноведение","2014",0,0,0,0,0,0
"крестьяноведение","2017",5,3,37,16.3,0,0
"крестьяноведение","2016",0,0,0,0,0,0
"крестьяноведение","2015",0,0,0,0,0,0
"мир россии. социология. этнология","2018",613,584,30,47.6,33599,0
"мир россии. социология. этнология","2019",666,640,33,59.1,35367,9.16
"мир россии. социология. этнология","2020",723,701,32,62,37743,9.584
"мир россии. социология. этнология","2008",154,143,21,34.4,24036,0
"мир россии. социология. этнология","2009",198,192,28,20.7,23496,0
"мир россии. социология. этнология","2010",242,229,28,24.2,22415,0
"мир россии. социология. этнология","2011",346,332,27,28.1,16467,5.868
"мир россии. социология. этнология","2012",349,340,29,35.1,11799,0
"мир россии. социология. этнология","2013",361,338,25,37.2,9611,0
"мир россии. социология. этнология","2021",701,685,32,55.4,37890,9.632
"мир россии. социология. этнология","2022",659,639,30,56.5,28390,8.234
"мир россии. социология. этнология","2014",421,396,26,38.3,15806,6.759
"мир россии. социология. этнология","2017",602,582,30,37.8,27696,0
"мир россии. социология. этнология","2016",558,522,29,40,28305,0
"мир россии. социология. этнология","2015",506,478,28,36.5,24238,0
"мониторинг общественного мнения: экономические и социальные перемены","2018",782,743,127,22,29568,0
"мониторинг общественного мнения: экономические и социальные перемены","2019",941,872,125,26.5,31041,7.541
"мониторинг общественного мнения: экономические и социальные перемены","2020",1261,1137,136,33.5,32701,7.57
"мониторинг общественного мнения: экономические и социальные перемены","2008",112,105,53,2.1,23695,0
"мониторинг общественного мнения: экономические и социальные перемены","2009",105,101,69,4.3,23105,0
"мониторинг общественного мнения: экономические и социальные перемены","2010",113,105,69,6.3,22983,0
"мониторинг общественного мнения: экономические и социальные перемены","2011",165,163,91,6.3,20696,4.122
"мониторинг общественного мнения: экономические и социальные перемены","2012",171,167,76,9.3,19667,0
"мониторинг общественного мнения: экономические и социальные перемены","2013",207,201,76,7.9,18780,0
"мониторинг общественного мнения: экономические и социальные перемены","2021",1488,1394,133,32.4,34844,8.179
"мониторинг общественного мнения: экономические и социальные перемены","2022",1761,1642,107,36.4,24673,8.73
"мониторинг общественного мнения: экономические и социальные перемены","2014",340,314,78,11,20330,4.467
"мониторинг общественного мнения: экономические и социальные перемены","2017",619,606,94,19.7,27873,0
"мониторинг общественного мнения: экономические и социальные перемены","2016",542,520,80,23.1,25084,0
"мониторинг общественного мнения: экономические и социальные перемены","2015",396,380,71,17.9,22079,0
"наука. культура. общество","2018",58,56,42,15.1,0,0
"наука. культура. общество","2019",53,50,36,13.3,19606,0
"наука. культура. общество","2020",67,53,41,19.7,19076,3.073
"наука. культура. общество","2008",0,0,0,0,0,0
"наука. культура. общество","2009",0,0,0,0,0,0
"наука. культура. общество","2010",1,1,58,10.3,0,0
"наука. культура. общество","2011",6,6,57,8.7,0,0
"наука. культура. общество","2012",0,0,0,0,0,0
"наука. культура. общество","2013",0,0,0,0,0,0
"наука. культура. общество","2021",72,70,33,22.1,21043,3.087
"наука. культура. общество","2022",89,65,49,27.7,27115,2.966
"наука. культура. общество","2014",0,0,0,0,0,0
"наука. культура. общество","2017",40,31,29,17.8,0,0
"наука. культура. общество","2016",40,36,46,12.3,0,0
"наука. культура. общество","2015",22,17,55,14.1,0,0
"научное обозрение. серия 2: гуманитарные науки","2018",89,66,65,13.9,16410,0
"научное обозрение. серия 2: гуманитарные науки","2019",80,64,41,13.7,16499,0
"научное обозрение. серия 2: гуманитарные науки","2020",82,72,40,13.6,16789,0
"научное обозрение. серия 2: гуманитарные науки","2008",0,0,0,0,0,0
"научное обозрение. серия 2: гуманитарные науки","2009",0,0,0,0,0,0
"научное обозрение. серия 2: гуманитарные науки","2010",1,0,58,8.6,0,0
"научное обозрение. серия 2: гуманитарные науки","2011",2,2,122,8.4,0,0
"научное обозрение. серия 2: гуманитарные науки","2012",16,9,116,7.4,13809,0
"научное обозрение. серия 2: гуманитарные науки","2013",26,17,93,9.9,14191,0
"научное обозрение. серия 2: гуманитарные науки","2021",91,85,40,14.4,17291,2.355
"научное обозрение. серия 2: гуманитарные науки","2022",85,80,22,13.9,20230,2.495
"научное обозрение. серия 2: гуманитарные науки","2014",92,60,102,8.9,13348,2.038
"научное обозрение. серия 2: гуманитарные науки","2017",101,73,69,11.1,13853,0
"научное обозрение. серия 2: гуманитарные науки","2016",152,92,70,10.4,12664,0
"научное обозрение. серия 2: гуманитарные науки","2015",152,83,150,8.6,12269,0
"научный результат. социология и управление","2018",43,33,36,19.9,25863,0
"научный результат. социология и управление","2019",72,60,42,19.7,28570,4.016
"научный результат. социология и управление","2020",113,100,45,25.8,29267,4.173
"научный результат. социология и управление","2008",0,0,0,0,0,0
"научный результат. социология и управление","2009",0,0,0,0,0,0
"научный результат. социология и управление","2010",0,0,0,0,0,0
"научный результат. социология и управление","2011",0,0,0,0,0,0
"научный результат. социология и управление","2012",0,0,0,0,0,0
"научный результат. социология и управление","2013",0,0,0,0,0,0
"научный результат. социология и управление","2021",172,164,49,20,32310,4.459
"научный результат. социология и управление","2022",192,175,42,19.3,27529,4.43
"научный результат. социология и управление","2014",0,0,19,11.8,0,0
"научный результат. социология и управление","2017",32,26,28,19.2,20094,0
"научный результат. социология и управление","2016",14,13,34,13.1,26846,0
"научный результат. социология и управление","2015",2,1,41,11.8,0,0
"общество: социология, психология, педагогика","2018",348,332,253,11.7,13445,0
"общество: социология, психология, педагогика","2019",432,402,242,13.4,15183,1.996
"общество: социология, психология, педагогика","2020",494,471,303,15.5,16310,2.144
"общество: социология, психология, педагогика","2008",0,0,0,0,0,0
"общество: социология, психология, педагогика","2009",0,0,0,0,0,0
"общество: социология, психология, педагогика","2010",0,0,0,0,0,0
"общество: социология, психология, педагогика","2011",0,0,52,8.8,0,0
"общество: социология, психология, педагогика","2012",7,7,64,6.5,0,0
"общество: социология, психология, педагогика","2013",26,22,40,9.4,15792,0
"общество: социология, психология, педагогика","2021",639,611,331,13.4,16227,2.198
"общество: социология, психология, педагогика","2022",832,785,379,10.7,16414,2.234
"общество: социология, психология, педагогика","2014",44,42,47,7.5,15930,0
"общество: социология, психология, педагогика","2017",282,264,307,9,12420,0
"общество: социология, психология, педагогика","2016",178,153,377,8.2,11777,0
"общество: социология, психология, педагогика","2015",87,83,76,8,13784,0
"ойкумена. регионоведческие исследования","2018",148,137,68,18.4,23125,0
"ойкумена. регионоведческие исследования","2019",158,143,57,25,21927,0
"ойкумена. регионоведческие исследования","2020",197,189,58,22.7,21764,0
"ойкумена. регионоведческие исследования","2008",0,0,0,0,0,0
"ойкумена. регионоведческие исследования","2009",0,0,60,14.7,0,0
"ойкумена. регионоведческие исследования","2010",8,0,57,13.3,0,0
"ойкумена. регионоведческие исследования","2011",12,8,69,13.9,0,0
"ойкумена. регионоведческие исследования","2012",17,15,58,13.6,0,0
"ойкумена. регионоведческие исследования","2013",43,34,66,11.6,0,0
"ойкумена. регионоведческие исследования","2021",231,223,59,18.9,24165,3.606
"ойкумена. регионоведческие исследования","2022",193,183,57,24.3,24393,4.218
"ойкумена. регионоведческие исследования","2014",56,50,52,12.8,21445,0
"ойкумена. регионоведческие исследования","2017",110,104,56,21.6,25711,0
"ойкумена. регионоведческие исследования","2016",93,81,58,20.2,24831,0
"ойкумена. регионоведческие исследования","2015",88,86,45,14,22542,0
"поиск: политика. обществоведение. искусство. социология. культура","2018",64,51,84,11.4,17565,0
"поиск: политика. обществоведение. искусство. социология. культура","2019",43,40,69,7.1,17074,2.25
"поиск: политика. обществоведение. искусство. социология. культура","2020",61,46,69,8.4,16164,2.118
"поиск: политика. обществоведение. искусство. социология. культура","2008",1,1,12,6.2,0,0
"поиск: политика. обществоведение. искусство. социология. культура","2009",1,1,13,9.9,0,0
"поиск: политика. обществоведение. искусство. социология. культура","2010",2,2,34,9.2,0,0
"поиск: политика. обществоведение. искусство. социология. культура","2011",0,0,0,0,0,0
"поиск: политика. обществоведение. искусство. социология. культура","2012",1,1,18,10.2,0,0
"поиск: политика. обществоведение. искусство. социология. культура","2013",0,0,0,0,0,0
"поиск: политика. обществоведение. искусство. социология. культура","2021",100,80,64,8.2,15722,1.962
"поиск: политика. обществоведение. искусство. социология. культура","2022",86,67,62,9.4,18126,2.151
"поиск: политика. обществоведение. искусство. социология. культура","2014",8,4,73,12.2,0,0
"поиск: политика. обществоведение. искусство. социология. культура","2017",57,41,82,9,0,0
"поиск: политика. обществоведение. искусство. социология. культура","2016",48,30,86,9.7,0,0
"поиск: политика. обществоведение. искусство. социология. культура","2015",31,21,92,7,0,0
"свободная мысль","2018",305,282,99,26,23947,0
"свободная мысль","2019",287,267,96,20.7,23962,3.76
"свободная мысль","2020",247,223,95,21.1,23933,3.704
"свободная мысль","2008",109,107,117,16.2,0,0
"свободная мысль","2009",123,123,186,0.8,0,0
"свободная мысль","2010",149,146,178,1.8,0,0
"свободная мысль","2011",222,220,184,1.4,0,0
"свободная мысль","2012",208,201,96,8.7,28144,0
"свободная мысль","2013",228,223,88,9.6,29917,0
"свободная мысль","2021",204,183,96,25.1,28798,3.998
"свободная мысль","2022",188,172,86,24.3,27634,3.559
"свободная мысль","2014",240,233,90,5.3,32064,4.579
"свободная мысль","2017",288,276,91,20.1,30020,0
"свободная мысль","2016",272,246,90,20.8,30807,0
"свободная мысль","2015",252,244,86,12.4,32963,0
"сибирский философский журнал","2018",179,134,93,10.9,18467,0
"сибирский философский журнал","2019",153,130,75,10.8,18462,3.368
"сибирский философский журнал","2020",147,117,54,12,19306,3.159
"сибирский философский журнал","2008",36,14,79,10.2,20227,0
"сибирский философский журнал","2009",67,6,89,11,19233,0
"сибирский философский журнал","2010",61,12,84,9.9,19205,0
"сибирский философский журнал","2011",55,21,87,8.8,19538,0
"сибирский философский журнал","2012",89,34,97,11,20620,0
"сибирский философский журнал","2013",204,134,90,9.7,21636,0
"сибирский философский журнал","2021",128,111,36,18.3,21407,3.253
"сибирский философский журнал","2022",142,128,39,15.5,24876,0
"сибирский философский журнал","2014",149,95,88,10.6,21952,0
"сибирский философский журнал","2017",211,158,81,11.5,19768,0
"сибирский философский журнал","2016",177,131,96,11.3,20509,0
"сибирский философский журнал","2015",152,113,83,10.3,21605,0
"социальное пространство","2018",53,48,45,20.5,24634,0
"социальное пространство","2019",106,98,39,21.9,30849,3.677
"социальное пространство","2020",125,109,31,26.5,27732,3.504
"социальное пространство","2008",0,0,0,0,0,0
"социальное пространство","2009",0,0,0,0,0,0
"социальное пространство","2010",0,0,0,0,0,0
"социальное пространство","2011",0,0,0,0,0,0
"социальное пространство","2012",0,0,0,0,0,0
"социальное пространство","2013",0,0,0,0,0,0
"социальное пространство","2021",116,108,28,27.4,33101,3.495
"социальное пространство","2022",152,143,36,28.3,33871,4.662
"социальное пространство","2014",0,0,0,0,0,0
"социальное пространство","2017",24,20,33,20.6,28284,0
"социальное пространство","2016",9,6,30,20.3,0,0
"социальное пространство","2015",0,0,11,17.1,0,0
"социальные и гуманитарные знания","2018",30,26,35,13.7,19281,0
"социальные и гуманитарные знания","2019",66,60,31,12.7,21173,2.337
"социальные и гуманитарные знания","2020",57,55,36,17,22489,0
"социальные и гуманитарные знания","2008",0,0,0,0,0,0
"социальные и гуманитарные знания","2009",0,0,0,0,0,0
"социальные и гуманитарные знания","2010",0,0,0,0,0,0
"социальные и гуманитарные знания","2011",0,0,0,0,0,0
"социальные и гуманитарные знания","2012",0,0,0,0,0,0
"социальные и гуманитарные знания","2013",0,0,0,0,0,0
"социальные и гуманитарные знания","2021",66,62,38,17.7,23983,3
"социальные и гуманитарные знания","2022",58,54,36,17,27038,3.148
"социальные и гуманитарные знания","2014",0,0,0,0,0,0
"социальные и гуманитарные знания","2017",25,20,52,12.1,18479,0
"социальные и гуманитарные знания","2016",21,11,44,9.6,0,0
"социальные и гуманитарные знания","2015",2,0,39,10.4,0,0
"социальные и гуманитарные науки. отечественная и зарубежная литература. серия 11: социология","2018",0,0,29,3.7,13143,0
"социальные и гуманитарные науки. отечественная и зарубежная литература. серия 11: социология","2019",2,2,28,10.9,12332,0
"социальные и гуманитарные науки. отечественная и зарубежная литература. серия 11: социология","2020",14,14,24,9.2,12546,1.476
"социальные и гуманитарные науки. отечественная и зарубежная литература. серия 11: социология","2008",0,0,0,0,0,0
"социальные и гуманитарные науки. отечественная и зарубежная литература. серия 11: социология","2009",0,0,0,0,0,0
"социальные и гуманитарные науки. отечественная и зарубежная литература. серия 11: социология","2010",0,0,0,0,0,0
"социальные и гуманитарные науки. отечественная и зарубежная литература. серия 11: социология","2011",0,0,0,0,0,0
"социальные и гуманитарные науки. отечественная и зарубежная литература. серия 11: социология","2012",0,0,0,0,0,0
"социальные и гуманитарные науки. отечественная и зарубежная литература. серия 11: социология","2013",0,0,0,0,0,0
"социальные и гуманитарные науки. отечественная и зарубежная литература. серия 11: социология","2021",30,29,37,12,14081,1.756
"социальные и гуманитарные науки. отечественная и зарубежная литература. серия 11: социология","2022",0,0,0,0,0,0
"социальные и гуманитарные науки. отечественная и зарубежная литература. серия 11: социология","2014",0,0,0,0,0,0
"социальные и гуманитарные науки. отечественная и зарубежная литература. серия 11: социология","2017",0,0,0,0,0,0
"социальные и гуманитарные науки. отечественная и зарубежная литература. серия 11: социология","2016",0,0,0,0,0,0
"социальные и гуманитарные науки. отечественная и зарубежная литература. серия 11: социология","2015",0,0,0,0,0,0
"социальные и гуманитарные науки: теория и практика","2018",7,5,76,11.4,0,0
"социальные и гуманитарные науки: теория и практика","2019",13,9,75,11.2,14247,1.341
"социальные и гуманитарные науки: теория и практика","2020",26,24,44,9.8,15537,1.411
"социальные и гуманитарные науки: теория и практика","2008",0,0,0,0,0,0
"социальные и гуманитарные науки: теория и практика","2009",0,0,0,0,0,0
"социальные и гуманитарные науки: теория и практика","2010",0,0,0,0,0,0
"социальные и гуманитарные науки: теория и практика","2011",0,0,0,0,0,0
"социальные и гуманитарные науки: теория и практика","2012",0,0,0,0,0,0
"социальные и гуманитарные науки: теория и практика","2013",0,0,0,0,0,0
"социальные и гуманитарные науки: теория и практика","2021",34,34,31,13.6,15384,1.391
"социальные и гуманитарные науки: теория и практика","2022",49,48,29,12.3,12307,1.339
"социальные и гуманитарные науки: теория и практика","2014",0,0,0,0,0,0
"социальные и гуманитарные науки: теория и практика","2017",0,0,80,7.4,0,0
"социальные и гуманитарные науки: теория и практика","2016",0,0,0,0,0,0
"социальные и гуманитарные науки: теория и практика","2015",0,0,0,0,0,0
"социодинамика","2018",291,271,83,17.3,23780,0
"социодинамика","2019",261,251,120,18.8,22128,2.766
"социодинамика","2020",281,273,86,19.7,21990,2.831
"социодинамика","2008",0,0,0,0,0,0
"социодинамика","2009",0,0,0,0,0,0
"социодинамика","2010",0,0,0,0,0,0
"социодинамика","2011",0,0,0,0,0,0
"социодинамика","2012",31,27,20,32.6,0,0
"социодинамика","2013",367,255,82,44.4,0,0
"социодинамика","2021",334,315,74,25.9,22955,2.958
"социодинамика","2022",387,381,64,24.7,22184,3.239
"социодинамика","2014",504,430,60,45.4,7805,0
"социодинамика","2017",325,293,105,19,23955,0
"социодинамика","2016",442,325,110,29.4,20932,0
"социодинамика","2015",430,334,75,51.6,14793,0
"социологическая наука и социальная практика","2018",174,165,40,16.5,26061,0
"социологическая наука и социальная практика","2019",204,199,44,15.7,24978,6.471
"социологическая наука и социальная практика","2020",256,238,46,21.7,25085,6.246
"социологическая наука и социальная практика","2008",0,0,0,0,0,0
"социологическая наука и социальная практика","2009",0,0,0,0,0,0
"социологическая наука и социальная практика","2010",0,0,0,0,0,0
"социологическая наука и социальная практика","2011",0,0,0,0,0,0
"социологическая наука и социальная практика","2012",0,0,0,0,0,0
"социологическая наука и социальная практика","2013",3,3,28,13.5,0,0
"социологическая наука и социальная практика","2021",316,297,55,32.1,26802,6.216
"социологическая наука и социальная практика","2022",337,328,38,27.7,29463,6.07
"социологическая наука и социальная практика","2014",35,32,28,18.8,0,0
"социологическая наука и социальная практика","2017",157,149,31,17.7,26984,0
"социологическая наука и социальная практика","2016",127,116,31,16.8,27585,0
"социологическая наука и социальная практика","2015",69,66,31,18.3,27880,0
"социологические исследования","2018",4611,4342,219,14.9,23428,0
"социологические исследования","2019",4571,4298,206,16.3,24022,11.351
"социологические исследования","2020",4279,4028,203,17.5,24165,10.856
"социологические исследования","2008",1545,1425,248,14,20520,0
"социологические исследования","2009",2038,1884,231,13.9,20760,0
"социологические исследования","2010",2507,2366,232,13.4,19508,0
"социологические исследования","2011",3092,2955,235,13,19111,9.494
"социологические исследования","2012",3506,3328,226,15.3,18700,0
"социологические исследования","2013",3618,3408,219,14.9,21151,0
"социологические исследования","2021",4146,3936,227,16.7,22859,10.372
"социологические исследования","2022",3777,3530,200,18.6,23385,9.918
"социологические исследования","2014",3705,3450,216,17.7,21587,10.034
"социологические исследования","2017",4631,4370,208,17.7,21691,0
"социологические исследования","2016",4494,4196,220,18,21412,0
"социологические исследования","2015",4138,3917,236,16.6,22123,0
"социологический журнал","2018",539,527,37,25.1,27338,0
"социологический журнал","2019",604,588,45,27.9,29021,6.641
"социологический журнал","2020",656,640,31,51.7,29368,6.822
"социологический журнал","2008",186,171,34,20.2,23257,0
"социологический журнал","2009",242,223,32,21.8,21651,0
"социологический журнал","2010",244,235,36,23,20653,0
"социологический журнал","2011",302,299,30,16.4,21846,5.112
"социологический журнал","2012",335,329,36,20.3,23250,0
"социологический журнал","2013",405,399,42,18.9,24778,0
"социологический журнал","2021",724,717,30,58.1,29638,7.253
"социологический журнал","2022",678,654,32,45.2,28353,7.205
"социологический журнал","2014",429,413,47,14.6,23788,5.858
"социологический журнал","2017",500,477,37,22.5,25469,0
"социологический журнал","2016",453,436,38,26.5,23838,0
"социологический журнал","2015",458,450,42,17.4,23725,0
"социологическое обозрение","2018",297,284,52,39.6,29340,0
"социологическое обозрение","2019",363,343,45,47.2,30294,6.697
"социологическое обозрение","2020",442,405,46,56.2,31039,7.215
"социологическое обозрение","2008",14,12,25,22.6,0,0
"социологическое обозрение","2009",17,14,19,15.5,0,0
"социологическое обозрение","2010",64,47,26,25.9,0,0
"социологическое обозрение","2011",94,75,23,25.7,3086,3.915
"социологическое обозрение","2012",109,106,22,26.2,2798,0
"социологическое обозрение","2013",141,130,20,26.8,2798,0
"социологическое обозрение","2021",481,450,44,49.1,31391,7.474
"социологическое обозрение","2022",520,501,39,55.7,26020,6.203
"социологическое обозрение","2014",149,139,32,38.1,2742,3.215
"социологическое обозрение","2017",284,268,50,41.9,28393,0
"социологическое обозрение","2016",225,216,38,37.6,21477,0
"социологическое обозрение","2015",220,217,34,38.9,3560,0
"социология","2018",163,149,146,13.6,0,0
"социология","2019",113,71,188,11.8,15672,0
"социология","2020",147,92,236,13.6,16466,0
"социология","2008",12,12,15,1.6,0,0
"социология","2009",0,0,0,0,0,0
"социология","2010",3,3,108,7.6,0,0
"социология","2011",16,15,73,6.3,0,0
"социология","2012",18,17,65,5.2,0,0
"социология","2013",24,22,24,18.3,0,0
"социология","2021",218,176,190,13.7,17761,2.436
"социология","2022",423,326,203,14.7,18989,2.542
"социология","2014",34,31,80,5.9,0,0
"социология","2017",73,69,123,13.5,0,0
"социология","2016",42,40,101,6.9,0,0
"социология","2015",43,42,140,6,0,0
"социология власти","2018",248,247,36,31.6,26839,0
"социология власти","2019",331,321,37,35.1,28465,5.911
"социология власти","2020",405,394,37,47.4,29987,6.445
"социология власти","2008",26,24,150,6.1,15708,0
"социология власти","2009",42,38,204,5.6,15894,0
"социология власти","2010",67,56,201,3.9,16076,0
"социология власти","2011",73,66,183,6.5,15815,2.707
"социология власти","2012",83,75,117,13.5,16492,0
"социология власти","2013",105,102,32,23.1,17627,0
"социология власти","2021",410,400,39,61.3,30582,6.902
"социология власти","2022",409,404,27,33.9,23109,6.13
"социология власти","2014",177,161,40,24.3,23471,4.154
"социология власти","2017",301,292,42,28.1,24217,0
"социология власти","2016",205,187,39,30,24136,0
"социология власти","2015",216,199,39,30.5,24313,0
"социология города","2018",110,77,26,17,21370,0
"социология города","2019",111,88,26,14.8,19524,2.574
"социология города","2020",129,88,28,16.1,18626,3.51
"социология города","2008",0,0,15,6.2,0,0
"социология города","2009",0,0,15,7.1,0,0
"социология города","2010",0,0,33,5.3,17841,0
"социология города","2011",9,6,30,7.8,18119,0
"социология города","2012",22,15,29,9.1,19760,0
"социология города","2013",28,9,34,7.3,22545,0
"социология города","2021",110,87,27,17.4,17475,2.75
"социология города","2022",0,0,0,0,0,0
"социология города","2014",77,41,28,13.1,23821,0
"социология города","2017",120,85,30,15,21991,0
"социология города","2016",131,76,30,14.2,24082,0
"социология города","2015",101,78,28,11.8,23212,0
"социология медицины","2018",121,108,18,20.8,18244,0
"социология медицины","2019",135,112,22,16.1,17094,0
"социология медицины","2020",171,165,18,16.8,16859,0
"социология медицины","2008",25,25,20,10.4,0,0
"социология медицины","2009",31,23,26,6.3,0,0
"социология медицины","2010",34,30,29,8.5,0,0
"социология медицины","2011",47,42,28,8.4,1716,0
"социология медицины","2012",78,67,36,12.3,19294,0
"социология медицины","2013",83,60,25,9.9,19472,0
"социология медицины","2021",130,108,21,18.8,17042,3.849
"социология медицины","2022",123,96,20,24.5,25944,3.557
"социология медицины","2014",146,115,27,14.1,18601,0
"социология медицины","2017",144,133,22,10.9,17744,0
"социология медицины","2016",124,110,23,14,17452,0
"социология медицины","2015",152,135,25,10.8,17963,0
"среднерусский вестник общественных наук","2018",541,520,86,11.9,22452,0
"среднерусский вестник общественных наук","2019",560,532,88,12.8,24553,2.48
"среднерусский вестник общественных наук","2020",597,580,88,13,25311,2.678
"среднерусский вестник общественных наук","2008",1,0,95,10.8,17898,0
"среднерусский вестник общественных наук","2009",4,1,129,12,18844,0
"среднерусский вестник общественных наук","2010",16,6,113,13.3,19579,0
"среднерусский вестник общественных наук","2011",27,25,123,14.1,19338,1.89
"среднерусский вестник общественных наук","2012",44,41,176,11.5,17725,0
"среднерусский вестник общественных наук","2013",140,101,138,13.3,20789,0
"среднерусский вестник общественных наук","2021",650,632,75,15.7,25501,2.883
"среднерусский вестник общественных наук","2022",653,623,69,16.4,25095,3.025
"среднерусский вестник общественных наук","2014",232,195,227,10.4,16971,1.973
"среднерусский вестник общественных наук","2017",611,546,159,10.3,17635,0
"среднерусский вестник общественных наук","2016",472,404,169,9.5,16627,0
"среднерусский вестник общественных наук","2015",402,325,199,8.2,15742,0
"теория и практика общественного развития","2018",1830,1817,217,12,13026,0
"теория и практика общественного развития","2019",1823,1805,143,12.2,14024,3.048
"теория и практика общественного развития","2020",1666,1652,150,17.4,15309,3.149
"теория и практика общественного развития","2008",1,1,49,8,14459,0
"теория и практика общественного развития","2009",2,2,93,9.4,16019,0
"теория и практика общественного развития","2010",8,8,224,10.4,15756,0
"теория и практика общественного развития","2011",64,53,692,7.4,12331,1.311
"теория и практика общественного развития","2012",145,131,986,8.2,13722,0
"теория и практика общественного развития","2013",414,377,1049,8,14177,0
"теория и практика общественного развития","2021",1639,1618,162,15.5,16174,3.326
"теория и практика общественного развития","2022",1496,1472,182,10.3,16864,3.154
"теория и практика общественного развития","2014",902,775,1239,8.3,14218,2.197
"теория и практика общественного развития","2017",2042,2028,286,10,11515,0
"теория и практика общественного развития","2016",2164,2126,299,8,11778,0
"теория и практика общественного развития","2015",1738,1455,1491,8.6,12703,0
"управление устойчивым развитием","2018",52,36,104,10.4,16351,0
"управление устойчивым развитием","2019",142,78,112,13.6,16300,0
"управление устойчивым развитием","2020",261,160,92,13.5,17315,0
"управление устойчивым развитием","2008",0,0,0,0,0,0
"управление устойчивым развитием","2009",0,0,0,0,0,0
"управление устойчивым развитием","2010",0,0,0,0,0,0
"управление устойчивым развитием","2011",0,0,0,0,0,0
"управление устойчивым развитием","2012",0,0,0,0,0,0
"управление устойчивым развитием","2013",0,0,0,0,0,0
"управление устойчивым развитием","2021",303,170,98,14.2,17845,2.291
"управление устойчивым развитием","2022",334,200,94,15.3,18445,2.63
"управление устойчивым развитием","2014",0,0,0,0,0,0
"управление устойчивым развитием","2017",61,47,104,8.7,16700,0
"управление устойчивым развитием","2016",33,10,105,8.7,0,0
"управление устойчивым развитием","2015",0,0,19,10.1,0,0
"урбанистика","2018",103,82,47,21.1,17771,0
"урбанистика","2019",85,77,35,17.9,19038,2.094
"урбанистика","2020",105,93,38,17.8,20025,2.478
"урбанистика","2008",0,0,0,0,0,0
"урбанистика","2009",0,0,0,0,0,0
"урбанистика","2010",0,0,0,0,0,0
"урбанистика","2011",0,0,0,0,0,0
"урбанистика","2012",0,0,0,0,0,0
"урбанистика","2013",0,0,0,0,0,0
"урбанистика","2021",142,135,29,21.3,21728,3.133
"урбанистика","2022",124,117,28,20.3,20309,3.624
"урбанистика","2014",11,3,20,23.4,0,0
"урбанистика","2017",54,41,35,18.9,21718,0
"урбанистика","2016",83,74,26,22.8,14815,0
"урбанистика","2015",48,41,20,28.9,13454,0
"уровень жизни населения регионов россии","2018",304,270,48,21.4,20680,0
"уровень жизни населения регионов россии","2019",362,332,39,27.8,21266,2.907
"уровень жизни населения регионов россии","2020",450,404,42,29.1,24631,3.376
"уровень жизни населения регионов россии","2008",28,25,130,4.7,0,0
"уровень жизни населения регионов россии","2009",41,34,111,2.8,0,0
"уровень жизни населения регионов россии","2010",43,35,132,3.9,16532,0
"уровень жизни населения регионов россии","2011",67,62,143,5.2,17776,0
"уровень жизни населения регионов россии","2012",93,73,132,6.9,19951,0
"уровень жизни населения регионов россии","2013",154,120,154,9.1,20945,0
"уровень жизни населения регионов россии","2021",443,385,41,36.2,26157,3.646
"уровень жизни населения регионов россии","2022",408,366,43,34.5,30005,4.718
"уровень жизни населения регионов россии","2014",298,145,70,18.9,22079,0
"уровень жизни населения регионов россии","2017",305,267,65,16.7,21411,0
"уровень жизни населения регионов россии","2016",250,228,61,18.7,23692,0
"уровень жизни населения регионов россии","2015",359,187,70,20,23134,0
"ученые записки крымского федерального университета имени в.и. вернадского. социология. педагогика. психология","2018",4,4,54,10.4,14888,0
"ученые записки крымского федерального университета имени в.и. вернадского. социология. педагогика. психология","2019",28,20,49,12.9,15571,0
"ученые записки крымского федерального университета имени в.и. вернадского. социология. педагогика. психология","2020",51,43,52,12.3,16141,1.736
"ученые записки крымского федерального университета имени в.и. вернадского. социология. педагогика. психология","2008",0,0,0,0,0,0
"ученые записки крымского федерального университета имени в.и. вернадского. социология. педагогика. психология","2009",0,0,0,0,0,0
"ученые записки крымского федерального университета имени в.и. вернадского. социология. педагогика. психология","2010",0,0,0,0,0,0
"ученые записки крымского федерального университета имени в.и. вернадского. социология. педагогика. психология","2011",0,0,0,0,0,0
"ученые записки крымского федерального университета имени в.и. вернадского. социология. педагогика. психология","2012",0,0,0,0,0,0
"ученые записки крымского федерального университета имени в.и. вернадского. социология. педагогика. психология","2013",0,0,0,0,0,0
"ученые записки крымского федерального университета имени в.и. вернадского. социология. педагогика. психология","2021",87,81,59,16.3,19983,2.37
"ученые записки крымского федерального университета имени в.и. вернадского. социология. педагогика. психология","2022",99,93,60,18.3,19978,2.374
"ученые записки крымского федерального университета имени в.и. вернадского. социология. педагогика. психология","2014",0,0,0,0,0,0
"ученые записки крымского федерального университета имени в.и. вернадского. социология. педагогика. психология","2017",13,5,36,10,16865,0
"ученые записки крымского федерального университета имени в.и. вернадского. социология. педагогика. психология","2016",0,0,52,9.2,0,0
"ученые записки крымского федерального университета имени в.и. вернадского. социология. педагогика. психология","2015",0,0,69,15.8,0,0
"экономика. социология. право","2018",116,100,62,11.3,14365,0
"экономика. социология. право","2019",58,52,50,11.3,14282,1.739
"экономика. социология. право","2020",67,52,58,14.6,14771,0
"экономика. социология. право","2008",0,0,0,0,0,0
"экономика. социология. право","2009",0,0,0,0,0,0
"экономика. социология. право","2010",0,0,0,0,0,0
"экономика. социология. право","2011",0,0,0,0,0,0
"экономика. социология. право","2012",0,0,0,0,0,0
"экономика. социология. право","2013",0,0,0,0,0,0
"экономика. социология. право","2021",78,65,49,16.2,16005,2.123
"экономика. социология. право","2022",131,93,47,14.9,13904,0
"экономика. социология. право","2014",0,0,0,0,0,0
"экономика. социология. право","2017",38,31,55,12.1,0,0
"экономика. социология. право","2016",1,1,46,8.3,0,0
"экономика. социология. право","2015",0,0,0,0,0,0
"экономическая социология","2018",352,329,30,48.7,23452,0
"экономическая социология","2019",457,414,34,42.7,26638,5.368
"экономическая социология","2020",528,520,24,64.6,26673,5.639
"экономическая социология","2008",148,132,28,31,5374,0
"экономическая социология","2009",110,94,27,33.7,5764,0
"экономическая социология","2010",179,156,25,40,4948,0
"экономическая социология","2011",184,168,25,48.6,4033,2.997
"экономическая социология","2012",276,241,25,50,3171,0
"экономическая социология","2013",307,287,26,26.7,3239,0
"экономическая социология","2021",486,468,28,71.3,27987,5.495
"экономическая социология","2022",496,470,27,62.4,14319,5.174
"экономическая социология","2014",321,297,25,38.9,3325,4.135
"экономическая социология","2017",381,358,24,50.9,0,0
"экономическая социология","2016",329,308,23,58.3,0,0
"экономическая социология","2015",321,319,28,34.6,3249,0
"экономические и социальные перемены: факты, тенденции, прогноз","2018",905,847,90,30.1,30606,0
"экономические и социальные перемены: факты, тенденции, прогноз","2019",994,934,87,30.2,33937,7.413
"экономические и социальные перемены: факты, тенденции, прогноз","2020",1087,1013,85,31.5,36067,7.389
"экономические и социальные перемены: факты, тенденции, прогноз","2008",5,2,67,4.4,0,0
"экономические и социальные перемены: факты, тенденции, прогноз","2009",11,11,69,5.1,0,0
"экономические и социальные перемены: факты, тенденции, прогноз","2010",32,26,66,7.3,20727,0
"экономические и социальные перемены: факты, тенденции, прогноз","2011",43,34,92,10.7,22039,0
"экономические и социальные перемены: факты, тенденции, прогноз","2012",144,111,100,11.9,21745,0
"экономические и социальные перемены: факты, тенденции, прогноз","2013",241,196,95,14.6,23025,0
"экономические и социальные перемены: факты, тенденции, прогноз","2021",1148,1064,88,34.8,36298,7.2
"экономические и социальные перемены: факты, тенденции, прогноз","2022",1215,1146,88,29.5,56859,7.303
"экономические и социальные перемены: факты, тенденции, прогноз","2014",396,327,113,16.6,25104,0
"экономические и социальные перемены: факты, тенденции, прогноз","2017",844,790,87,26.7,27335,0
"экономические и социальные перемены: факты, тенденции, прогноз","2016",678,630,81,23,26487,0
"экономические и социальные перемены: факты, тенденции, прогноз","2015",507,455,83,18.2,26607,0
